Student ID,Student Name,Grade
1,Student 1,89
2,Student 2,87
3,Student 3,92
4,Student 4,100
5,Student 5,94
6,Student 6,62
7,Student 7,100
8,Student 8,72
9,Student 9,58
10,Student 10,85
11,Student 11,85
12,Student 12,77
13,Student 13,75
14,Student 14,53
15,Student 15,79
16,Student 16,73
17,Student 17,66
18,Student 18,63
19,Student 19,73
20,Student 20,92
21,Student 21,69
22,Student 22,70
23,Student 23,70
24,Student 24,86
25,Student 25,98
26,Student 26,85
27,Student 27,91
28,Student 28,52
29,Student 29,82
30,Student 30,90
31,Student 31,94
32,Student 32,55
33,Student 33,100
34,Student 34,89
35,Student 35,96
36,Student 36,75
37,Student 37,98
38,Student 38,52
39,Student 39,57
40,Student 40,81
41,Student 41,96
42,Student 42,100
43,Student 43,62
44,Student 44,65
45,Student 45,91
46,Student 46,67
47,Student 47,68
48,Student 48,96
49,Student 49,61
50,Student 50,89
51,Student 51,99
52,Student 52,83
53,Student 53,62
54,Student 54,58
55,Student 55,70
56,Student 56,71
57,Student 57,96
58,Student 58,73
59,Student 59,61
60,Student 60,71
61,Student 61,55
62,Student 62,77
63,Student 63,73
64,Student 64,84
65,Student 65,91
66,Student 66,55
67,Student 67,86
68,Student 68,66
69,Student 69,77
70,Student 70,51
71,Student 71,72
72,Student 72,65
73,Student 73,54
74,Student 74,60
75,Student 75,55
76,Student 76,72
77,Student 77,65
78,Student 78,61
79,Student 79,97
80,Student 80,94
81,Student 81,62
82,Student 82,56
83,Student 83,85
84,Student 84,93
85,Student 85,83
86,Student 86,54
87,Student 87,72
88,Student 88,58
89,Student 89,60
90,Student 90,70
91,Student 91,89
92,Student 92,93
93,Student 93,96
94,Student 94,54
95,Student 95,60
96,Student 96,92
97,Student 97,64
98,Student 98,51
99,Student 99,73
100,Student 100,68
101,Student 101,82
102,Student 102,68
103,Student 103,80
104,Student 104,52
105,Student 105,61
106,Student 106,52
107,Student 107,80
108,Student 108,79
109,Student 109,85
110,Student 110,81
111,Student 111,59
112,Student 112,73
113,Student 113,61
114,Student 114,92
115,Student 115,60
116,Student 116,88
117,Student 117,59
118,Student 118,58
119,Student 119,84
120,Student 120,50
121,Student 121,93
122,Student 122,70
123,Student 123,82
124,Student 124,98
125,Student 125,70
126,Student 126,88
127,Student 127,67
128,Student 128,87
129,Student 129,86
130,Student 130,64
131,Student 131,87
132,Student 132,94
133,Student 133,85
134,Student 134,94
135,Student 135,63
136,Student 136,73
137,Student 137,53
138,Student 138,58
139,Student 139,95
140,Student 140,61
141,Student 141,51
142,Student 142,96
143,Student 143,73
144,Student 144,97
145,Student 145,76
146,Student 146,66
147,Student 147,61
148,Student 148,51
149,Student 149,96
150,Student 150,55
151,Student 151,91
152,Student 152,71
153,Student 153,61
154,Student 154,74
155,Student 155,55
156,Student 156,51
157,Student 157,80
158,Student 158,50
159,Student 159,59
160,Student 160,95
161,Student 161,63
162,Student 162,61
163,Student 163,95
164,Student 164,60
165,Student 165,80
166,Student 166,59
167,Student 167,86
168,Student 168,52
169,Student 169,73
170,Student 170,57
171,Student 171,73
172,Student 172,62
173,Student 173,98
174,Student 174,94
175,Student 175,64
176,Student 176,68
177,Student 177,92
178,Student 178,77
179,Student 179,54
180,Student 180,51
181,Student 181,97
182,Student 182,83
183,Student 183,76
184,Student 184,91
185,Student 185,56
186,Student 186,88
187,Student 187,81
188,Student 188,53
189,Student 189,88
190,Student 190,63
191,Student 191,60
192,Student 192,82
193,Student 193,88
194,Student 194,63
195,Student 195,68
196,Student 196,90
197,Student 197,85
198,Student 198,50
199,Student 199,95
200,Student 200,95
